{"AE":{"EXT":0.6924728907,"EST":0.2945020023,"AGR":0.6460666191,"CSN":0.578720627,"OPN":0.5400884965},"AL":{"EXT":0.4438878458,"EST":0.3515543573,"AGR":0.3829981394,"CSN":0.4530111988,"OPN":0.8772317447},"AR":{"EXT":0.4596704188,"EST":0.2182745264,"AGR":0.4180551039,"CSN":0.2517102624,"OPN":0.844735776},"AT":{"EXT":0.6785828575,"EST":0.5424366748,"AGR":0.484954326,"CSN":0.3661539749,"OPN":0.9500061456},"AU":{"EXT":0.644978805,"EST":0.46036233,"AGR":0.6742242358,"CSN":0.539108309,"OPN":0.6909252989},"BA":{"EXT":0.4530282875,"EST":0.3667477837,"AGR":0.3122534958,"CSN":0.4238683724,"OPN":0.8522409611},"BB":{"EXT":0.1600268828,"EST":0.6746080044,"AGR":0.583128376,"CSN":0.4882600501,"OPN":0.5401724613},"BD":{"EXT":0.0270294928,"EST":0.2317617877,"AGR":0.2911876488,"CSN":0.2501398362,"OPN":0.363962078},"BE":{"EXT":0.6084262994,"EST":0.4710462995,"AGR":0.5878910691,"CSN":0.2881703451,"OPN":0.8231953772},"BG":{"EXT":0.5349884432,"EST":0.3805711969,"AGR":0.3045421612,"CSN":0.3372582604,"OPN":0.9105383893},"BH":{"EXT":0.4871635912,"EST":0.1062243895,"AGR":0.4973431037,"CSN":0.4224877948,"OPN":0.5754099509},"BN":{"EXT":0.1400028136,"EST":0.1105719851,"AGR":0.3221456829,"CSN":0.3632992088,"OPN":0.2463305115},"BO":{"EXT":0.4961106368,"EST":0.1579386976,"AGR":0.1849101882,"CSN":0.0,"OPN":0.7126330751},"BR":{"EXT":0.044249094,"EST":0.3018605618,"AGR":0.1379930086,"CSN":0.1578516081,"OPN":0.9288717379},"BS":{"EXT":0.451065794,"EST":0.6460422747,"AGR":0.5462171423,"CSN":0.6946797297,"OPN":0.7241856047},"BY":{"EXT":0.4031670237,"EST":0.4099138502,"AGR":0.1038376192,"CSN":0.2791829975,"OPN":0.7847099421},"BZ":{"EXT":0.0123825965,"EST":0.0751640045,"AGR":0.3494119598,"CSN":0.4091476605,"OPN":0.4000675381},"CA":{"EXT":0.5779182911,"EST":0.4469613765,"AGR":0.6437748674,"CSN":0.5397032049,"OPN":0.7707904382},"CH":{"EXT":0.6749761192,"EST":0.6080731338,"AGR":0.5848482486,"CSN":0.4409270109,"OPN":1.0},"CL":{"EXT":0.5138111509,"EST":0.2973183059,"AGR":0.4962167475,"CSN":0.25510792,"OPN":0.8168328369},"CN":{"EXT":0.73069769,"EST":0.56167822,"AGR":0.5794040229,"CSN":0.4764945756,"OPN":0.4022971542},"CO":{"EXT":0.5688417381,"EST":0.2621228269,"AGR":0.3172289819,"CSN":0.2704121716,"OPN":0.6736746397},"CR":{"EXT":0.4776949853,"EST":0.3855646614,"AGR":0.3160108891,"CSN":0.3747723175,"OPN":0.7858841841},"CY":{"EXT":0.6801377629,"EST":0.3811306803,"AGR":0.5051022008,"CSN":0.4597398436,"OPN":0.7929941077},"CZ":{"EXT":0.3864715868,"EST":0.3650259682,"AGR":0.2538964776,"CSN":0.2471328883,"OPN":0.8087674261},"DE":{"EXT":0.4546148038,"EST":0.502276318,"AGR":0.3722048303,"CSN":0.3195159278,"OPN":0.9919364199},"DK":{"EXT":0.7772884416,"EST":0.4728671189,"AGR":0.5769240763,"CSN":0.346258529,"OPN":0.8515498104},"DO":{"EXT":0.4721941847,"EST":0.3626905153,"AGR":0.454867043,"CSN":0.4110861829,"OPN":0.7820385169},"DZ":{"EXT":0.0115110055,"EST":0.0,"AGR":0.2071575778,"CSN":0.2669437621,"OPN":0.8810542357},"EC":{"EXT":0.6000613441,"EST":0.3019147916,"AGR":0.2525272216,"CSN":0.266002601,"OPN":0.5983920665},"EE":{"EXT":0.391553219,"EST":0.502548866,"AGR":0.300336089,"CSN":0.3061767017,"OPN":0.6741569642},"EG":{"EXT":0.4098475396,"EST":0.1153281837,"AGR":0.5025317534,"CSN":0.4294491335,"OPN":0.5522905822},"ES":{"EXT":0.6894873839,"EST":0.4609198955,"AGR":0.5711471089,"CSN":0.3491768139,"OPN":0.8541490857},"ET":{"EXT":1.0,"EST":1.0,"AGR":1.0,"CSN":0.9238467512,"OPN":0.5986904367},"FI":{"EXT":0.3723645731,"EST":0.3887883431,"AGR":0.2067658051,"CSN":0.2375589019,"OPN":0.794917242},"FR":{"EXT":0.4581154924,"EST":0.3246384275,"AGR":0.488105327,"CSN":0.2616487134,"OPN":0.9676794657},"GB":{"EXT":0.5934598534,"EST":0.2823438881,"AGR":0.5049513352,"CSN":0.3502156072,"OPN":0.7636262555},"GE":{"EXT":0.4650341299,"EST":0.1793961205,"AGR":0.1802533878,"CSN":0.3909511383,"OPN":0.8332376386},"GH":{"EXT":0.121846126,"EST":0.6517223871,"AGR":0.7875184811,"CSN":1.0,"OPN":0.534576754},"GR":{"EXT":0.507500748,"EST":0.1039804481,"AGR":0.4229854111,"CSN":0.3789929617,"OPN":0.8186370659},"GT":{"EXT":0.6088145731,"EST":0.2935445434,"AGR":0.2924754497,"CSN":0.3764806856,"OPN":0.7757642694},"GU":{"EXT":0.0090750203,"EST":0.447417986,"AGR":0.5428436784,"CSN":0.3853473108,"OPN":0.4830172218},"HK":{"EXT":0.5829704868,"EST":0.3626083666,"AGR":0.4951364366,"CSN":0.4625264208,"OPN":0.2714703243},"HN":{"EXT":0.5219880249,"EST":0.3348064756,"AGR":0.2882479102,"CSN":0.2639554071,"OPN":0.8412581867},"HR":{"EXT":0.5409118363,"EST":0.4600449444,"AGR":0.3042906971,"CSN":0.375870372,"OPN":0.8384522759},"HU":{"EXT":0.4162846509,"EST":0.3423913457,"AGR":0.28028533,"CSN":0.2785974577,"OPN":0.9566097494},"ID":{"EXT":0.3351407456,"EST":0.2747617604,"AGR":0.3093750504,"CSN":0.4155932434,"OPN":0.4528093728},"IE":{"EXT":0.7000163985,"EST":0.367533402,"AGR":0.5876775358,"CSN":0.3913429005,"OPN":0.8034717928},"IL":{"EXT":0.6972586019,"EST":0.536418031,"AGR":0.5015717911,"CSN":0.4874520104,"OPN":0.9976907956},"IN":{"EXT":0.6443525672,"EST":0.3471094594,"AGR":0.5519532045,"CSN":0.5264061514,"OPN":0.5521489169},"IR":{"EXT":0.5622482059,"EST":0.3098132475,"AGR":0.3897477492,"CSN":0.5065561077,"OPN":0.6615380436},"IS":{"EXT":0.7004265689,"EST":0.4875627695,"AGR":0.5299652754,"CSN":0.2994417149,"OPN":0.7549437926},"IT":{"EXT":0.4830721048,"EST":0.2526056128,"AGR":0.459882274,"CSN":0.3950175502,"OPN":0.9002811066},"JM":{"EXT":0.1666312858,"EST":0.5617890156,"AGR":0.6685294157,"CSN":0.801238145,"OPN":0.6354171534},"JO":{"EXT":0.2648766647,"EST":0.200053162,"AGR":0.2683659166,"CSN":0.3473734713,"OPN":0.7447083278},"JP":{"EXT":0.6141283765,"EST":0.4805647322,"AGR":0.3795244515,"CSN":0.3564999824,"OPN":0.6505591973},"KE":{"EXT":0.4011587898,"EST":0.5731226288,"AGR":0.8935522,"CSN":0.9390885877,"OPN":0.7393648407},"KH":{"EXT":0.4028926254,"EST":0.3020871725,"AGR":0.3155097598,"CSN":0.4197225346,"OPN":0.1053973831},"KR":{"EXT":0.5457344866,"EST":0.4149737996,"AGR":0.2747802848,"CSN":0.3309528441,"OPN":0.6451372717},"KW":{"EXT":0.4592287521,"EST":0.24223482,"AGR":0.3841775371,"CSN":0.5117799753,"OPN":0.5657934321},"KZ":{"EXT":0.7614528107,"EST":0.2395688068,"AGR":0.161233107,"CSN":0.4827204888,"OPN":0.4697524835},"LB":{"EXT":0.8040611033,"EST":0.3641329336,"AGR":0.6134201906,"CSN":0.591587118,"OPN":0.7218660067},"LK":{"EXT":0.720154645,"EST":0.2960417412,"AGR":0.523415043,"CSN":0.5005728056,"OPN":0.4932748555},"LT":{"EXT":0.2507911867,"EST":0.2885167246,"AGR":0.0605657646,"CSN":0.2075170005,"OPN":0.6327331943},"LU":{"EXT":0.6550982917,"EST":0.6122217491,"AGR":0.4165879491,"CSN":0.507843148,"OPN":0.7809976168},"LV":{"EXT":0.4115585727,"EST":0.3402536411,"AGR":0.0981097419,"CSN":0.2905390982,"OPN":0.7450054631},"MA":{"EXT":0.0,"EST":0.2781234448,"AGR":0.1523564214,"CSN":0.2613281808,"OPN":0.8742637721},"MD":{"EXT":0.2209629949,"EST":0.2402818051,"AGR":0.153639496,"CSN":0.3505484992,"OPN":0.7765184485},"ME":{"EXT":0.4853659954,"EST":0.5416522047,"AGR":0.4312026682,"CSN":0.4272062916,"OPN":0.8797110327},"MK":{"EXT":0.7190675615,"EST":0.3544845465,"AGR":0.3431870042,"CSN":0.372280441,"OPN":0.8471322677},"MO":{"EXT":0.5716195993,"EST":0.3789537573,"AGR":0.5216584734,"CSN":0.5217945593,"OPN":0.0},"MT":{"EXT":0.5186861854,"EST":0.2776062448,"AGR":0.6209945762,"CSN":0.4237247413,"OPN":0.8270397894},"MU":{"EXT":0.5385264421,"EST":0.432749452,"AGR":0.5834380144,"CSN":0.8213073034,"OPN":0.8105121917},"MX":{"EXT":0.5771683424,"EST":0.2602447508,"AGR":0.2774992128,"CSN":0.296757893,"OPN":0.6593024111},"MY":{"EXT":0.3967258153,"EST":0.2283602584,"AGR":0.3786933057,"CSN":0.4280156453,"OPN":0.1266968609},"NG":{"EXT":0.465789501,"EST":0.5774861174,"AGR":0.8969525481,"CSN":0.9203458338,"OPN":0.7315501205},"NI":{"EXT":0.6559007338,"EST":0.2659041983,"AGR":0.2711615816,"CSN":0.2295782255,"OPN":0.694136754},"NL":{"EXT":0.8534197703,"EST":0.6352865029,"AGR":0.6454764012,"CSN":0.4506258831,"OPN":0.8083338128},"NO":{"EXT":0.8469701689,"EST":0.5583727891,"AGR":0.6460511544,"CSN":0.5415891701,"OPN":0.7715088936},"NP":{"EXT":0.2730497569,"EST":0.2797226902,"AGR":0.3415243862,